<?xml version="1.0" encoding="UTF-8"?>
<project-private xmlns="http://www.netbeans.org/ns/project-private/1">
    <editor-bookmarks xmlns="http://www.netbeans.org/ns/editor-bookmarks/2" lastBookmarkId="0"/>
    <open-files xmlns="http://www.netbeans.org/ns/projectui-open-files/2">
        <group>
            <file>file:/C:/Users/antho/Downloads/ATM%20FINAL-20191205T224305Z-001/ATM%20FINAL/Atm/src/atm/Lodge.java</file>
            <file>file:/C:/Users/antho/Downloads/ATM%20FINAL-20191205T224305Z-001/ATM%20FINAL/Atm/src/atm/OtherAmount.java</file>
            <file>file:/C:/Users/antho/Downloads/ATM%20FINAL-20191205T224305Z-001/ATM%20FINAL/Atm/src/atm/Withdraw.java</file>
            <file>file:/C:/Users/antho/Downloads/ATM%20FINAL-20191205T224305Z-001/ATM%20FINAL/Atm/src/atm/NewTransaction.java</file>
            <file>file:/C:/Users/antho/Downloads/ATM%20FINAL-20191205T224305Z-001/ATM%20FINAL/Atm/src/atm/Statement.java</file>
            <file>file:/C:/Users/antho/Downloads/ATM%20FINAL-20191205T224305Z-001/ATM%20FINAL/Atm/src/atm/Login.java</file>
            <file>file:/C:/Users/antho/Downloads/ATM%20FINAL-20191205T224305Z-001/ATM%20FINAL/Atm/src/atm/Balance.java</file>
            <file>file:/C:/Users/antho/Downloads/ATM%20FINAL-20191205T224305Z-001/ATM%20FINAL/Atm/src/atm/Menu.java</file>
            <file>file:/C:/Users/antho/Downloads/ATM%20FINAL-20191205T224305Z-001/ATM%20FINAL/Atm/src/atm/Transfer.java</file>
            <file>file:/C:/Users/antho/Downloads/ATM%20FINAL-20191205T224305Z-001/ATM%20FINAL/Atm/src/atm/Quit.java</file>
        </group>
    </open-files>
</project-private>
